Strain	Sequence	Sequence_basename	Duplicated_Spacers	CRISPR_Id	CRISPR_Start	CRISPR_End	CRISPR_Length	Potential_Orientation (AT%)	CRISPRDirection	Consensus_Repeat	Repeat_ID (CRISPRdb)	Nb_CRISPRs_with_same_Repeat (CRISPRdb)	Repeat_Length	Spacers_Nb	Mean_size_Spacers	Standard_Deviation_Spacers	Nb_Repeats_matching_Consensus	Ratio_Repeats_match/TotalRepeat	Conservation_Repeats (% identity)	EBcons_Repeats	Conservation_Spacers (% identity)	EBcons_Spacers	Repeat_Length_plus_mean_size_Spacers	Ratio_Repeat/mean_Spacers_Length	CRISPR_found_in_DB (if sequence IDs are similar)	Evidence_Level












Unknown	NODE_7_length_282381_cov_276_200892	NODE_7_length_282381_cov_276_200892	0	NODE_7_length_282381_cov_276_200892_1	98084	100126	2042	Forward	F [1.24,0   Confidence: HIGH] 	GTGTTCCCCGCGCCAGCGGGGATAAACCG	R6121	210	29	33	32.030303030303	0.174077655955698	27	0.794117647058823	62.0689655172414	90.8056711974809	0	0	61.030303030303	0.905392620624409	0	4
Unknown	NODE_7_length_282381_cov_276_200892	NODE_7_length_282381_cov_276_200892	0	NODE_7_length_282381_cov_276_200892_2	116258	117265	1007	Forward	F [1.24,0   Confidence: HIGH] 	GTGTTCCCCGCGCCAGCGGGGATAAACCG	R6121	210	29	16	32.125	0.341565025531987	16	0.941176470588235	96.551724137931	98.8870449693193	0	0	61.125	0.90272373540856	0	4
Unknown	NODE_7_length_282381_cov_276_200892	NODE_7_length_282381_cov_276_200892	0	NODE_7_length_282381_cov_276_200892_3	117339	117733	394	Unknown	F [1.24,0   Confidence: HIGH] 	GTGTTCCCCGCGCCAGCGGGGATAAACCG	R6121	210	29	6	32	0	5	0.714285714285714	86.2068965517241	91.8389961574851	1.92307692307692	8.91461611164666	61	0.90625	0	4


















Unknown	NODE_16_length_109439_cov_285_910517	NODE_16_length_109439_cov_285_910517	0	NODE_16_length_109439_cov_285_910517_1	25492	25601	109	Unknown	Unknown	TGTCCCACCCTGTACCACTTTTTTTTAA	Unknown	0	28	1	54	0	1	0.5	96.4285714285714	96.4285714285714	100	100	82	0.518518518518518	0	1





















































































































































































































































